{"val_loss": 0.20876877009868622, "val_acc": 0.9202813506126404, "epoch": 1, "trainer/global_step": 1200, "_timestamp": 1722203858.1848712, "_runtime": 72.25139021873474, "_step": 73, "train_loss": 0.17903248965740204, "test_loss": 0.1964409351348877, "test_acc": 0.93552166223526}