{"val_loss": 1.1197601556777954, "val_acc": 0.4000000059604645, "epoch": 0, "trainer/global_step": 0, "_timestamp": 1721405697.0614357, "_runtime": 7.346320629119873, "_step": 0, "_wandb": {"runtime": 6}}