{"train_loss": 2.81006250588689e-05, "epoch": 0, "trainer/global_step": 2599, "_timestamp": 1721509144.9510062, "_runtime": 139.05637407302856, "_step": 103, "val_loss": 1.031718602462206e-05, "val_acc": 1.0, "_wandb": {"runtime": 139}}