{"val_loss": 0.335929811000824, "val_acc": 0.9296875, "epoch": 0, "trainer/global_step": 71, "_timestamp": 1721584818.0509288, "_runtime": 97.02877688407898, "_step": 72, "train_loss": 0.597545862197876}