{"val_loss": 0.7707315683364868, "val_acc": 0.628370463848114, "epoch": 0, "trainer/global_step": 74, "_timestamp": 1722208189.0230484, "_runtime": 94.76197242736816, "_step": 3, "train_loss": 0.89290452003479}