epoch,step,test_acc,test_loss
0,0,0.3515625,0.8571226596832275
