{"train_loss": 0.5023859739303589, "epoch": 49, "trainer/global_step": 99, "_timestamp": 1721418669.0238419, "_runtime": 16.41425395011902, "_step": 1, "_wandb": {"runtime": 15}}