{"train_loss": 0.6945583820343018, "epoch": 0, "trainer/global_step": 49, "_timestamp": 1721502297.4856272, "_runtime": 8.987467288970947, "_step": 0, "_wandb": {"runtime": 13}}