{"train_loss": 0.7925869226455688, "epoch": 999, "trainer/global_step": 1999, "_timestamp": 1721405328.757234, "_runtime": 412.4024250507355, "_step": 39, "_wandb": {"runtime": 411}}