{"train_loss": 0.1344294399023056, "epoch": 199, "trainer/global_step": 399, "_timestamp": 1721418788.9929934, "_runtime": 58.40679144859314, "_step": 7, "_wandb": {"runtime": 57}}