{"train_loss": 0.6944056153297424, "epoch": 0, "trainer/global_step": 1299, "_timestamp": 1721503282.62255, "_runtime": 60.03652596473694, "_step": 25, "_wandb": {"runtime": 61}}