{"val_loss": 0.24547848105430603, "val_acc": 0.9375, "epoch": 0, "trainer/global_step": 100, "_timestamp": 1721584096.506592, "_runtime": 33.23529100418091, "_step": 102, "train_loss": 0.27812686562538147, "_wandb": {"runtime": 32}}