{"train_loss": 0.08138126134872437, "epoch": 249, "trainer/global_step": 499, "_timestamp": 1721424885.1741405, "_runtime": 62.40245747566223, "_step": 9, "_wandb": {"runtime": 61}}