{"val_loss": 1.1535316705703735, "val_acc": 0.265625, "epoch": 1, "trainer/global_step": 3, "_timestamp": 1721085283.955398, "_runtime": 4.216983079910278, "_step": 1, "_wandb": {"runtime": 3}}