{"val_loss": 1.091137170791626, "val_acc": 0.42633843421936035, "epoch": 0, "trainer/global_step": 25, "_timestamp": 1722209013.73006, "_runtime": 366.0465261936188, "_step": 3, "test_loss": 1.1814405918121338, "test_acc": 0.3401719331741333}