{"val_loss": 1.111772894859314, "val_acc": 0.25, "epoch": 49, "trainer/global_step": 99, "_timestamp": 1721409789.5629246, "_runtime": 42.40485954284668, "_step": 51, "train_loss": 1.0916979312896729, "_wandb": {"runtime": 41}}