{"val_loss": 0.103485606610775, "val_acc": 0.9765533208847046, "epoch": 1, "trainer/global_step": 1300, "_timestamp": 1722207219.0218008, "_runtime": 3326.4705877304077, "_step": 90, "train_loss": 0.1506505310535431, "test_loss": 0.06642426550388336, "test_acc": 0.9859319925308228}