{"val_loss": 0.11401337385177612, "val_acc": 0.9955061078071594, "epoch": 0, "trainer/global_step": 395, "_timestamp": 1722208613.4371324, "_runtime": 245.55231738090515, "_step": 23, "train_loss": 0.17768727242946625, "test_loss": 0.11414466798305511, "test_acc": 0.9956036806106567}