epoch,step,test_acc,test_loss
0,0,0.35185182094573975,1.1957646608352661
