{"val_loss": 0.0015726386336609721, "val_acc": 1.0, "epoch": 0, "trainer/global_step": 3199, "_timestamp": 1721585449.9262478, "_runtime": 117.4023118019104, "_step": 163, "train_loss": 0.0011662989854812622, "_wandb": {"runtime": 116}}