{"train_loss": 0.033381324261426926, "epoch": 49, "trainer/global_step": 99, "_timestamp": 1721418425.77574, "_runtime": 16.91891384124756, "_step": 1, "_wandb": {"runtime": 15}}